{"trainLoss": 0.18524688482284546, "valLoss": 0.6761993169784546, "_timestamp": 1698278649.311012, "_runtime": 20310.56638097763, "_step": 999, "_wandb": {"runtime": 124}}