{"trainLoss": 0.1644631326198578, "valLoss": 0.3066492974758148, "_timestamp": 1697830225.671777, "_runtime": 312.6079680919647, "_step": 4999, "_wandb": {"runtime": 592}}