{"trainLoss": 0.22351107001304626, "valLoss": 0.26887044310569763, "_timestamp": 1698095404.102987, "_runtime": 82.53476405143738, "_step": 3999, "_wandb": {"runtime": 82}}