{"trainLoss": 0.666536808013916, "valLoss": 0.6667013764381409, "_timestamp": 1699023103.401144, "_runtime": 39257.68357014656, "_step": 258}