{"trainLoss": 0.23105388879776, "valLoss": 6.048542365861361e+22, "_timestamp": 1698348546.1515331, "_runtime": 338.0236701965332, "_step": 1447, "_wandb": {"runtime": 337}}