{"trainLoss": 0.22351107001304626, "valLoss": 0.26887044310569763, "_timestamp": 1697830786.435544, "_runtime": 75.07151794433594, "_step": 3999}