{"trainLoss": 0.1130993589758873, "valLoss": 0.3664953410625458, "_timestamp": 1698096643.624013, "_runtime": 808.5538048744202, "_step": 3999}