{"trainLoss": 0.22098545730113983, "valLoss": 0.2656591534614563, "_timestamp": 1698350171.857044, "_runtime": 1569.6884870529175, "_step": 6870, "_wandb": {"runtime": 1569}}