{"trainLoss": 0.1759052872657776, "valLoss": 0.29400748014450073, "_timestamp": 1698283081.873632, "_runtime": 600.9186379909515, "_step": 9999, "_wandb": {"runtime": 2342}}