{"trainLoss": 0.2100921869277954, "valLoss": 0.28242093324661255, "_timestamp": 1697830536.573339, "_runtime": 25.996898889541626, "_step": 999, "_wandb": {"runtime": 25}}