{"trainLoss": 0.25196373462677, "valLoss": 197774432.0, "_timestamp": 1698284895.352704, "_runtime": 66.64603304862976, "_step": 986}