{"trainLoss": 0.17826804518699646, "valLoss": 0.5941076874732971, "_timestamp": 1698279165.868926, "_runtime": 303.0698721408844, "_step": 4999, "_wandb": {"runtime": 386}}