{"trainLoss": 0.20289719104766846, "valLoss": 0.2873997092247009, "_timestamp": 1698256719.418447, "_runtime": 18.32069206237793, "_step": 358}