{"trainLoss": 0.17489513754844666, "valLoss": 0.4818168580532074, "_timestamp": 1698279854.386071, "_runtime": 598.6546230316162, "_step": 9999, "_wandb": {"runtime": 597}}