{"trainLoss": 0.6672738194465637, "valLoss": 0.6637253165245056, "_timestamp": 1698981528.465783, "_runtime": 163.73754405975342, "_step": 0, "_wandb": {"runtime": 212}}